target,positive_count,prevalence,prior_loss,logistic_loss,improvement,winner
proteasome_inhibitor,726,0.030486268581506677,0.1340025096486015,0.00871825827897305,0.12528425136962845,logistic
nfkb_inhibitor,832,0.03493743176282859,0.14872044560111922,0.033284644603647696,0.11543580099747153,logistic
cdk_inhibitor,340,0.014277315864617453,0.07371361651041372,0.02298494431592074,0.05072867219449298,logistic
egfr_inhibitor,336,0.014109347442680775,0.07301479726791568,0.026914652127557177,0.046100145140358505,logistic
tubulin_inhibitor,316,0.013269505332997396,0.0694891218394351,0.026513536734615817,0.04297558510481929,logistic
glucocorticoid_receptor_agonist,266,0.011169900058788948,0.06043078790105889,0.019221641175281728,0.04120914672577716,logistic
hmgcr_inhibitor,283,0.01188376585201982,0.06355217698762146,0.02465069910895265,0.03890147787866881,logistic
raf_inhibitor,223,0.009364239522969681,0.052322448456084164,0.014586999516069753,0.03773544894001441,logistic
pdgfr_inhibitor,297,0.012471655328798186,0.06608986906859535,0.03281493340031673,0.03327493566827862,logistic
kit_inhibitor,273,0.01146384479717813,0.06172158481841274,0.030267936073335194,0.03145364874507755,logistic
flt3_inhibitor,279,0.011715797430083144,0.06282168825750864,0.03495398174944986,0.02786770650805878,logistic
topoisomerase_inhibitor,127,0.00533299739648946,0.03281242658989243,0.018417129875711653,0.014395296714180779,logistic
mtor_inhibitor,130,0.0054589737129419665,0.03345907666071857,0.020622682933306668,0.0128363937274119,logistic
hsp_inhibitor,93,0.003905265810027715,0.025248114371720146,0.012787387104522754,0.012460727267197392,logistic
hdac_inhibitor,106,0.004451163181321912,0.028193367067321524,0.016347935520774404,0.01184543154654712,logistic
pi3k_inhibitor,151,0.006340807928109516,0.037911824214790404,0.029144800870806963,0.008767023343983441,logistic
vegfr_inhibitor,170,0.007138657932308726,0.04183263794185077,0.03344134287605062,0.00839129506580015,logistic
aurora_kinase_inhibitor,96,0.004031242126480222,0.02593407577693694,0.018005862638909832,0.007928213138027107,logistic
mek_inhibitor,72,0.0030234315948601664,0.020322592793091017,0.014543797918676087,0.00577879487441493,logistic
dna_inhibitor,402,0.016880826404635927,0.08430410752347506,0.0789226478001485,0.0053814597233265565,logistic
jak_inhibitor,92,0.003863273704543546,0.025018510892629627,0.019948235793783967,0.00507027509884566,logistic
dopamine_receptor_antagonist,424,0.017804652725287647,0.08796007145157612,0.08457355517725577,0.0033865162743203503,logistic
adrenergic_receptor_agonist,270,0.011337868480725623,0.06116906615643729,0.05801515315854712,0.003153912997890168,logistic
ppar_receptor_agonist,115,0.004829092130679433,0.030192117985824003,0.027472118713796376,0.002719999272027627,logistic
serotonin_receptor_antagonist,404,0.016964810615604266,0.0846385190311006,0.08217693187135004,0.002461587159750561,logistic
atpase_inhibitor,97,0.004073234231964391,0.026162142727109667,0.02388312857647932,0.002279014150630348,logistic
protein_synthesis_inhibitor,103,0.004325186864869404,0.02752015228259031,0.02548936056876763,0.002030791713822682,logistic
cyclooxygenase_inhibitor,435,0.018266565885613505,0.08976942564615796,0.08792153558182297,0.0018478900643349866,logistic
bromodomain_inhibitor,68,0.0028554631729234906,0.019357153655105652,0.01782943637370163,0.001527717281404023,logistic
retinoid_receptor_agonist,67,0.0028134710674393216,0.01911423188610258,0.017680134866277113,0.0014340970198254664,logistic
gsk_inhibitor,60,0.0025195263290501385,0.017394727641939067,0.01617840951443784,0.0012163181275012258,logistic
p38_mapk_inhibitor,62,0.0026035105400184764,0.017890259224102683,0.01679383250415361,0.0010964267199490736,logistic
phosphodiesterase_inhibitor,264,0.011085915847820609,0.060060632858514026,0.0592637804295715,0.000796852428942528,logistic
akt_inhibitor,66,0.002771478961955152,0.01887043340444333,0.01809357696157758,0.0007768564428657469,logistic
src_inhibitor,71,0.0029814394893759974,0.02008181392317229,0.019978252450459096,0.00010356147271319352,logistic
adrenergic_receptor_antagonist,360,0.015117157974300832,0.07717872059789672,0.07766743801718354,-0.0004887174192868132,prior
gamma_secretase_inhibitor,56,0.0023515579071134627,0.016398392114213917,0.01695370085284951,-0.0005553087386355911,prior
calcium_channel_blocker,281,0.011799781641051482,0.06318716143615845,0.06394253811911757,-0.0007553766829591219,prior
progesterone_receptor_agonist,119,0.0049970605526161085,0.031071327363241044,0.031914958304192345,-0.000843630940951301,prior
sodium_channel_inhibitor,267,0.011211892164273117,0.06061577110159578,0.06146875217909558,-0.0008529810774998009,prior
vitamin_d_receptor_agonist,39,0.00163769211388259,0.012014054261285632,0.012954010690817669,-0.0009399564295320371,prior
bacterial_dna_inhibitor,115,0.004829092130679433,0.030192117985824003,0.03143697391703989,-0.0012448559312158852,prior
acetylcholine_receptor_agonist,190,0.007978500041992105,0.04586307851318093,0.04733006005475602,-0.0014669815415750895,prior
immunosuppressant,73,0.0030654237003443353,0.02056248085637365,0.02203141501396647,-0.0014689341575928189,prior
tgf-beta_receptor_inhibitor,30,0.0012597631645250692,0.009571421942949155,0.011108729704955375,-0.0015373077620062202,prior
estrogen_receptor_agonist,158,0.006634752666498698,0.03936769784997529,0.04092286943965836,-0.0015551715896830673,prior
glutamate_receptor_antagonist,367,0.015411102712690014,0.078380388872848,0.08004284605509673,-0.001662457182248736,prior
histamine_receptor_antagonist,241,0.010120097421684723,0.05575588488262781,0.05744903078704907,-0.0016931459044212602,prior
serotonin_receptor_agonist,236,0.009910136894263878,0.05480803014196182,0.05651741644705861,-0.0017093863050967953,prior
mdm_inhibitor,31,0.0013017552700092382,0.009849339274461417,0.011584205658923524,-0.001734866384462106,prior
fgfr_inhibitor,50,0.002099605274208449,0.014878885833904247,0.016633403809265795,-0.0017545179753615473,prior
acetylcholine_receptor_antagonist,301,0.012639623750734862,0.06680962519842788,0.06857714304585662,-0.0017675178474287345,prior
gaba_receptor_antagonist,165,0.006928697404887881,0.040809896725308964,0.04265660494906844,-0.0018467082237594787,prior
bacterial_cell_wall_synthesis_inhibitor,192,0.008062484252960444,0.04626147913938795,0.04821886540783869,-0.001957386268450746,prior
gaba_receptor_agonist,106,0.004451163181321912,0.028193306779651976,0.030366508356743916,-0.00217320157709194,prior
bacterial_50s_ribosomal_subunit_inhibitor,80,0.003359368438733518,0.0222250157037362,0.02452476854476659,-0.00229975284103039,prior
chk_inhibitor,24,0.0010078105316200555,0.007884148157043728,0.010218600864147812,-0.0023344527071040844,prior
dihydrofolate_reductase_inhibitor,36,0.0015117157974300832,0.011211200825203665,0.013735586462653692,-0.0025243856374500273,prior
ribonucleoside_reductase_inhibitor,37,0.0015537079029142521,0.01148063356726649,0.014075654391632771,-0.002595020824366282,prior
opioid_receptor_antagonist,96,0.004031242126480222,0.025934020449911867,0.02853325008404215,-0.0025992296341302845,prior
dopamine_receptor_agonist,121,0.005081044763584446,0.03150868443464175,0.034120474807855475,-0.0026117903732137265,prior
parp_inhibitor,61,0.0025615184345343074,0.017643061318808297,0.02028774759465367,-0.002644686275845371,prior
cytochrome_p450_inhibitor,104,0.004367178970353574,0.02774479122652833,0.030421949776244604,-0.002677158549716275,prior
tyrosine_kinase_inhibitor,73,0.0030654237003443353,0.020562513512426973,0.023251855663986343,-0.00268934215155937,prior
adenosine_receptor_antagonist,96,0.004031242126480222,0.02593407577693694,0.028662301523900747,-0.0027282257469638076,prior
insulin_sensitizer,51,0.002141597379692618,0.01513497950047243,0.017871081997712694,-0.0027361024972402635,prior
bcr-abl_inhibitor,38,0.001595700008398421,0.011748117158112838,0.014559334951417294,-0.0028112177933044564,prior
anti-inflammatory,73,0.0030654237003443353,0.020562480856373654,0.023395126900377854,-0.0028326460440042008,prior
potassium_channel_antagonist,98,0.00411522633744856,0.026389538124950866,0.0293216147815383,-0.0029320766565874325,prior
bacterial_dna_gyrase_inhibitor,89,0.003737297388091039,0.024326626271410325,0.027301289479498496,-0.0029746632080881706,prior
androgen_receptor_antagonist,89,0.003737297388091039,0.024326652312338486,0.02730662034226916,-0.0029799680299306755,prior
corticosteroid_agonist,36,0.0015117157974300832,0.011211249390130507,0.014226529545566425,-0.003015280155435918,prior
hiv_inhibitor,72,0.0030234315948601664,0.02032264806477014,0.02336085454665345,-0.003038206481883309,prior
monoamine_oxidase_inhibitor,85,0.003569328966154363,0.023397284892413703,0.026473420623798167,-0.003076135731384464,prior
alk_inhibitor,42,0.001763668430335097,0.012807778200878075,0.015896943651327333,-0.0030891654504492574,prior
membrane_integrity_inhibitor,74,0.0031074158058285043,0.020801468882333418,0.023965817585481015,-0.0031643487031475966,prior
lipoxygenase_inhibitor,61,0.0025615184345343074,0.0176430303813276,0.02088441262220553,-0.003241382240877933,prior
antibiotic,43,0.001805660535819266,0.01307011225633917,0.01638343169660755,-0.0033133194402683794,prior
apoptosis_stimulant,49,0.00205761316872428,0.014623892928602202,0.01800734352786734,-0.003383450599265137,prior
cc_chemokine_receptor_antagonist,102,0.004283194759385236,0.02729488824779552,0.03070322827408387,-0.0034083400262883493,prior
anesthetic_-_local,80,0.003359368438733518,0.022225015703736195,0.025646635563530317,-0.003421619859794122,prior
antioxidant,73,0.0030654237003443353,0.02056253613096296,0.023984718267413437,-0.0034221821364504787,prior
hcv_inhibitor,72,0.0030234315948601664,0.02032256184095071,0.02377799714823833,-0.0034554353072876187,prior
benzodiazepine_receptor_agonist,67,0.0028134710674393216,0.01911423188610258,0.022570550887327765,-0.003456319001225186,prior
prostanoid_receptor_antagonist,84,0.003527336860670194,0.023164456570690006,0.02677144807510671,-0.003606991504416703,prior
tachykinin_antagonist,60,0.0025195263290501385,0.01739472764193907,0.02100699542845442,-0.0036122677865153482,prior
acetylcholinesterase_inhibitor,73,0.0030654237003443353,0.02056244990260364,0.024211241189803636,-0.003648791287199995,prior
leukotriene_receptor_antagonist,62,0.0026035105400184764,0.017890264152426446,0.021539455228688803,-0.003649191076262357,prior
bcl_inhibitor,31,0.0013017552700092382,0.00984925320019057,0.01354006213307056,-0.0036908089328799906,prior
igf-1_inhibitor,37,0.0015537079029142521,0.011480584999786488,0.015175642550402844,-0.003695057550616356,prior
opioid_receptor_agonist,61,0.0025615184345343074,0.0176430303813276,0.021414100687094144,-0.0037710703057665454,prior
glutamate_receptor_agonist,74,0.0031074158058285043,0.020801468882333418,0.02457611999636127,-0.0037746511140278535,prior
estrogen_receptor_antagonist,48,0.002015621063240111,0.014367619231913428,0.018152466222960097,-0.0037848469910466698,prior
rho_associated_kinase_inhibitor,35,0.0014697236919459142,0.01093993348273636,0.014736379844222226,-0.0037964463614858657,prior
cannabinoid_receptor_antagonist,55,0.0023095658016292937,0.01614638741531612,0.019949029744968236,-0.0038026423296521165,prior
histone_lysine_methyltransferase_inhibitor,32,0.0013437473754934072,0.010125009681734283,0.014079414470944088,-0.003954404789209805,prior
thymidylate_synthase_inhibitor,37,0.0015537079029142521,0.011480547470370122,0.015466607182015762,-0.00398605971164564,prior
cholinergic_receptor_antagonist,54,0.0022675736961451248,0.015895394596152527,0.019883458967809246,-0.003988064371656719,prior
histone_lysine_demethylase_inhibitor,24,0.0010078105316200555,0.007884110647346995,0.011890378860694783,-0.004006268213347788,prior
ikk_inhibitor,30,0.0012597631645250692,0.009571421942949155,0.013597005384330712,-0.004025583441381557,prior
histamine_receptor_agonist,59,0.0024775342235659695,0.01714731964217816,0.021176980056090536,-0.0040296604139123775,prior
bacterial_30s_ribosomal_subunit_inhibitor,60,0.0025195263290501385,0.017394727641939067,0.02150801245632599,-0.004113284814386924,prior
radiopaque_medium,56,0.0023515579071134627,0.016398423045183685,0.02052131792944371,-0.004122894884260025,prior
chelating_agent,54,0.0022675736961451248,0.015895394596152527,0.02003454952336546,-0.004139154927212934,prior
dna_alkylating_agent,48,0.002015621063240111,0.014367550763523144,0.01854548853768683,-0.004177937774163688,prior
focal_adhesion_kinase_inhibitor,18,0.0007558578987150416,0.006133055423328568,0.010354004146217982,-0.0042209487228894145,prior
potassium_channel_activator,55,0.0023095658016292937,0.01614638741531612,0.02037133531370284,-0.004224947898386719,prior
protein_kinase_inhibitor,48,0.002015621063240111,0.014367576759204732,0.018631928088616755,-0.004264351329412023,prior
trpv_antagonist,48,0.002015621063240111,0.014367636901175436,0.0186381367759966,-0.004270499874821164,prior
adenosine_receptor_agonist,54,0.0022675736961451248,0.015895394596152527,0.020213202690750803,-0.0043178080945982765,prior
farnesyltransferase_inhibitor,18,0.0007558578987150416,0.006133032856970355,0.010462995791003975,-0.00432996293403362,prior
aromatase_inhibitor,47,0.0019736289577559417,0.014109880540486041,0.018440434530015027,-0.004330553989528986,prior
serotonin_reuptake_inhibitor,44,0.001847652641303435,0.013330921445878264,0.01766209684688312,-0.004331175401004857,prior
pkc_inhibitor,31,0.0013017552700092382,0.00984925320019057,0.014224326013781671,-0.004375072813591101,prior
androgen_receptor_agonist,48,0.002015621063240111,0.014367614306386502,0.01874740968688711,-0.004379795380500607,prior
cholesterol_inhibitor,48,0.002015621063240111,0.014367581684731658,0.01875345232739786,-0.0043858706426662016,prior
mucolytic_agent,48,0.002015621063240111,0.014367614306386502,0.018790147398959973,-0.004422533092573471,prior
trpv_agonist,25,0.0010498026371042245,0.008167705546009955,0.012630827465541158,-0.004463121919531203,prior
tnf_inhibitor,36,0.0015117157974300832,0.011211163297760193,0.01570798566281484,-0.0044968223650546455,prior
casein_kinase_inhibitor,36,0.0015117157974300832,0.011211163297760193,0.015722343198978837,-0.004511179901218644,prior
btk_inhibitor,29,0.0012177710590409003,0.009295283814028688,0.013820383722141165,-0.004525099908112477,prior
integrin_inhibitor,42,0.001763668430335097,0.012807809113956922,0.01737976569969829,-0.004571956585741369,prior
cannabinoid_receptor_agonist,42,0.001763668430335097,0.012807745587782504,0.017384663531261186,-0.004576917943478682,prior
nrf2_activator,18,0.0007558578987150416,0.006133081386181128,0.010740005879938633,-0.004606924493757505,prior
faah_inhibitor,36,0.0015117157974300832,0.011211218485177062,0.015821813362436148,-0.004610594877259086,prior
chloride_channel_blocker,42,0.001763668430335097,0.012807831702787854,0.01746304920017231,-0.004655217497384456,prior
atr_kinase_inhibitor,19,0.0007978500041992105,0.006429011209055436,0.011157735743179941,-0.004728724534124505,prior
neuropeptide_receptor_antagonist,37,0.0015537079029142521,0.011480529809468301,0.01622667030924906,-0.004746140499780758,prior
bacterial_antifolate,36,0.0015117157974300832,0.011211218485177062,0.015984616731253676,-0.004773398246076614,prior
sigma_receptor_agonist,36,0.0015117157974300832,0.011211223408079741,0.016028789665530396,-0.004817566257450655,prior
sigma_receptor_antagonist,36,0.0015117157974300832,0.011211200825203663,0.016030424262538825,-0.004819223437335162,prior
angiotensin_receptor_antagonist,37,0.0015537079029142521,0.011480633567266488,0.01630340593610747,-0.0048227723688409815,prior
antiprotozoal,36,0.0015117157974300832,0.011211200825203665,0.016061823446386878,-0.004850622621183213,prior
carbonic_anhydrase_inhibitor,36,0.0015117157974300832,0.011211249390130507,0.01609484499327805,-0.004883595603147543,prior
syk_inhibitor,19,0.0007978500041992105,0.006428951139670386,0.011352014599130041,-0.004923063459459655,prior
orexin_receptor_antagonist,37,0.0015537079029142521,0.011480578376948304,0.01643129663947019,-0.004950718262521886,prior
rna_polymerase_inhibitor,25,0.0010498026371042245,0.008167705546009955,0.013223119796306498,-0.005055414250296543,prior
prostaglandin_inhibitor,36,0.0015117157974300832,0.011211249390130507,0.016324734910027026,-0.005113485519896519,prior
angiogenesis_inhibitor,36,0.0015117157974300832,0.011211249390130507,0.01633054267689909,-0.0051192932867685816,prior
imidazoline_receptor_agonist,31,0.0013017552700092382,0.009849290719744528,0.015008653141625099,-0.005159362421880571,prior
ppar_receptor_antagonist,30,0.0012597631645250692,0.009571421942949155,0.014736028907870229,-0.005164606964921074,prior
wnt_inhibitor,30,0.0012597631645250692,0.009571421942949155,0.014737984905872222,-0.005166562962923067,prior
fatty_acid_receptor_agonist,25,0.0010498026371042245,0.008167705546009955,0.013398459192598411,-0.005230753646588456,prior
insulin_secretagogue,30,0.0012597631645250692,0.009571421942949155,0.014846760263778312,-0.005275338320829158,prior
atp_synthase_inhibitor,12,0.0005039052658100278,0.004296522053988482,0.00962276369810639,-0.005326241644117908,prior
tlr_agonist,30,0.0012597631645250692,0.009571421942949156,0.014899309874467968,-0.005327887931518812,prior
p-glycoprotein_inhibitor,24,0.0010078105316200555,0.007884088075042655,0.013223283712591058,-0.005339195637548403,prior
fungal_squalene_epoxidase_inhibitor,23,0.0009658184261358865,0.007597912056446117,0.012967318264559272,-0.005369406208113155,prior
dipeptidyl_peptidase_inhibitor,25,0.0010498026371042245,0.008167705546009955,0.013554512649769163,-0.005386807103759208,prior
nitric_oxide_synthase_inhibitor,26,0.0010917947425883934,0.008453453256238037,0.01385013445042536,-0.005396681194187323,prior
smoothened_receptor_antagonist,25,0.0010498026371042245,0.008167705546009955,0.013564784977289458,-0.0053970794312795025,prior
mineralocorticoid_receptor_antagonist,25,0.0010498026371042245,0.008167705546009953,0.013567351264407187,-0.005399645718397234,prior
sphingosine_receptor_agonist,25,0.0010498026371042245,0.008167705546009955,0.0136072094918573,-0.005439503945847345,prior
nitric_oxide_donor,26,0.0010917947425883934,0.008453367200059047,0.013919924324214902,-0.005466557124155854,prior
vitamin_b,26,0.0010917947425883934,0.008453422364276349,0.013946710565696392,-0.005493288201420043,prior
progesterone_receptor_antagonist,18,0.0007558578987150416,0.0061330813861811264,0.011639904666839096,-0.005506823280657969,prior
phospholipase_inhibitor,25,0.0010498026371042245,0.008167705546009955,0.013708008076393625,-0.00554030253038367,prior
antiviral,23,0.0009658184261358865,0.007597903738822337,0.0131483522657115,-0.005550448526889163,prior
monopolar_spindle_1_kinase_inhibitor,18,0.0007558578987150416,0.006133123805398292,0.0117069591436279,-0.0055738353382296085,prior
acat_inhibitor,24,0.0010078105316200555,0.007884088075042654,0.013578370126190727,-0.005694282051148074,prior
beta_amyloid_inhibitor,24,0.0010078105316200555,0.007884110647346995,0.013579009881647905,-0.00569489923430091,prior
adenylyl_cyclase_activator,12,0.0005039052658100278,0.004296440965586189,0.009996714275099744,-0.005700273309513555,prior
pdk_inhibitor,18,0.0007558578987150416,0.006133086305553604,0.011933409959582595,-0.00580032365402899,prior
thrombin_inhibitor,19,0.0007978500041992105,0.006428925175480576,0.012276216680610394,-0.005847291505129818,prior
transient_receptor_potential_channel_antagonist,18,0.0007558578987150416,0.006133118886025815,0.012000476846300715,-0.0058673579602749,prior
5-alpha_reductase_inhibitor,17,0.0007138657932308726,0.005833650318493547,0.011703669355320152,-0.005870019036826605,prior
antimalarial,18,0.0007558578987150416,0.006133123805398293,0.012015357316569657,-0.005882233511171364,prior
cck_receptor_antagonist,18,0.0007558578987150416,0.006133055423328568,0.012023894421995428,-0.005890838998666861,prior
11-beta-hsd1_inhibitor,18,0.0007558578987150416,0.006133081386181128,0.01208147472630832,-0.005948393340127193,prior
caspase_activator,18,0.0007558578987150416,0.006133118886025815,0.012099917562979096,-0.0059667986769532805,prior
protein_tyrosine_kinase_inhibitor,19,0.0007978500041992105,0.006428925175480577,0.012398841380391244,-0.005969916204910666,prior
gonadotropin_receptor_agonist,18,0.0007558578987150416,0.006133123805398292,0.012104056557188577,-0.0059709327517902845,prior
free_radical_scavenger,18,0.0007558578987150416,0.006133086305553604,0.012153581091318432,-0.006020494785764828,prior
nitric_oxide_production_inhibitor,12,0.0005039052658100278,0.004296436047522906,0.010372859719280545,-0.006076423671757639,prior
bacterial_membrane_integrity_inhibitor,7,0.00029394473838918284,0.0026716081594589346,0.008911537884951292,-0.006239929725492357,prior
antifungal,13,0.0005458973712941967,0.004609690691277474,0.010897964547484717,-0.006288273856207243,prior
glutamate_inhibitor,13,0.0005458973712941967,0.004609771783911848,0.010903162966476143,-0.006293391182564295,prior
ras_gtpase_inhibitor,12,0.0005039052658100278,0.004296466921638753,0.010652779893946075,-0.006356312972307322,prior
erbb2_inhibitor,1,4.1992105484168974e-05,0.0014890665105020044,0.007856783904200679,-0.0063677173936986745,prior
atp-sensitive_potassium_channel_antagonist,1,4.1992105484168974e-05,0.0014890973700320386,0.007859935877685544,-0.006370838507653505,prior
aldehyde_dehydrogenase_inhibitor,7,0.00029394473838918284,0.002671596627926875,0.009050573126544406,-0.006378976498617531,prior
anticonvulsant,12,0.0005039052658100278,0.0042964360475229064,0.010708966493142897,-0.00641253044561999,prior
catechol_o_methyltransferase_inhibitor,12,0.0005039052658100278,0.004296478455584005,0.010718740499957566,-0.006422262044373561,prior
analgesic,12,0.0005039052658100278,0.004296526972051765,0.010729009155564425,-0.006432482183512661,prior
antihistamine,12,0.0005039052658100278,0.004296522053988482,0.010755166054000115,-0.006458644000011633,prior
ampk_activator,12,0.0005039052658100278,0.004296504411636569,0.010770734726268459,-0.00647423031463189,prior
monoacylglycerol_lipase_inhibitor,12,0.0005039052658100278,0.004296473537520721,0.010774680525561233,-0.0064782069880405125,prior
lipase_inhibitor,12,0.0005039052658100278,0.004296478455584004,0.010778035657995292,-0.006481557202411288,prior
norepinephrine_reuptake_inhibitor,7,0.00029394473838918284,0.002671565760295313,0.009567590133769656,-0.006896024373474342,prior
atm_kinase_inhibitor,6,0.0002519526329050139,0.0023283330604146973,0.009243262469912496,-0.006914929409497799,prior
protein_phosphatase_inhibitor,6,0.0002519526329050139,0.002328388178291333,0.00925366802461379,-0.006925279846322457,prior
tlr_antagonist,7,0.00029394473838918284,0.002671651748697522,0.00961057297564688,-0.006938921226949358,prior
lxr_agonist,6,0.0002519526329050139,0.002328370540570809,0.009288866189780566,-0.006960495649209757,prior
autotaxin_inhibitor,6,0.0002519526329050139,0.002328333060414697,0.009316227768971756,-0.006987894708557059,prior
calcineurin_inhibitor,6,0.0002519526329050139,0.002328419044302249,0.009323554845169318,-0.006995135800867068,prior
nicotinic_receptor_agonist,6,0.0002519526329050139,0.002328388178291333,0.00932914849397994,-0.007000760315688606,prior
ubiquitin_specific_protease_inhibitor,6,0.0002519526329050139,0.002328393095046118,0.00933067490758053,-0.007002281812534412,prior
leukotriene_inhibitor,6,0.0002519526329050139,0.0023283930950461183,0.009335703324658483,-0.007007310229612365,prior
laxative,6,0.0002519526329050139,0.0023283705405708096,0.009337396420818041,-0.007009025880247231,prior
antiarrhythmic,6,0.0002519526329050139,0.0023283330604146964,0.009338384899460195,-0.0070100518390454995,prior
steroid,6,0.0002519526329050139,0.002328333060414697,0.009343234588154035,-0.007014901527739338,prior
retinoid_receptor_antagonist,6,0.0002519526329050139,0.0023283930950461183,0.009348014972537023,-0.007019621877490905,prior
elastase_inhibitor,6,0.0002519526329050139,0.002328419044302249,0.009353372743768799,-0.007024953699466549,prior
coagulation_factor_inhibitor,6,0.0002519526329050139,0.0023283930950461183,0.009355836472770012,-0.007027443377723893,prior
diuretic,6,0.0002519526329050139,0.0023283705405708096,0.009356403117470546,-0.007028032576899736,prior
tropomyosin_receptor_kinase_inhibitor,6,0.0002519526329050139,0.002328370540570809,0.009370840709930663,-0.007042470169359854,prior
